Nombre,Apellidos,Cedula,Direccion,Ciudad,Telefono
Claudia,Castro Zamora,3789856342,Carrera 10 #43-20 apto 302,Bogotá,3104583934
Jorge,Pérez López,3456673356,Carrera 13 #34-20,Bogotá,3003456945
Juan Manuel,Sánchez Lozano,1023443453,Carrera 25 #72-40,Bogotá,3144712446
Adrian Esteban,Garcia Ardila,70900356948,Carrera 54 # 10-40,Bogotá,313290662
Angela Sofia,Moreno Rodriguez,47767239440,Carrera 37 # 1-6,Bogotá,3138399609
Brayan Ricardo,Garcia Morales,43796477115,Carrera 80 # 4-6,Bogotá,3165066667
Daniela Paola,Beltran Saavedra,53923218705,Carrera 43 # 6-6,Bogotá,3177456453
David Leonardo,Gomez Macareno,73054416599,Carrera 62 # 3-2,Bogotá,3186516713
Diego Alejandro,Mateus Cruz,23315096499,Carrera 8 # 3-0,Bogotá,3171491989
Ericka Julieth,Torres Paez,29884097817,Carrera 23 # 7-9,Bogotá,3163656400
Esteban,Moreno Castillo,54660886741,Carrera 29 # 3-7,Bogotá,3149008683
Felipe Andres,Gutierrez Naranjo,52902541923,Carrera 44 # 5-6,Bogotá,318290102
Gustavo Andres,Mendez Hernandez,95169440034,Carrera 95 # 6-4,Bogotá,3174132664
Jose Carlos,Molano De Oro,33812783338,Carrera 29 # 9-1,Bogotá,3144596235
Jose Gabriel,Rubio Jojoa,16813871763,Carrera 42 # 5-2,Bogotá,3169890713
Juan Jose,Camacho Cala,15338887604,Carrera 67 # 3-3,Bogotá,31848681
Julio Andres,Mejia Vera,95933937634,Carrera 69 # 2-8,Bogotá,3169942848
Karen Juliana,Celis Buitrago,78647971330,Carrera 13 # 1-4,Bogotá,3192914301
Karol Valentina,Yate Vega,21571725585,Carrera 40 # 5-6,Bogotá,3112157013
Kevin Stid,Pelaez Nimsica,68686165189,Carrera 54 # 5-4,Bogotá,3102310628
Leyder Fabian,Vera Quintero,54110617861,Carrera 0 # 1-7,Bogotá,3193299492
Maria Fernanda,Garces Cala,30367825533,Carrera 19 # 0-6,Bogotá,316760773
Miguel Santiago,Romero Estevez,42752076851,Carrera 89 # 0-4,Bogotá,3186853641
Nicolas,Miranda Moreno,88288425383,Carrera 22 # 5-7,Bogotá,3191571003
Nicolas,Duarte Ospina,8228310068,Carrera 89 # 8-6,Bogotá,3138380992
Nicolas Daniel,Peralta Sopo,95798097969,Carrera 71 # 7-6,Bogotá,3192624382
Santiago,Romero Pineda,85069441870,Carrera 19 # 9-8,Bogotá,3155321845
Sebastian,Pedraza Mancera,30932532295,Carrera 22 # 7-3,Bogotá,3161409222
Santiago,Garcia Azuero5,30932532295,Carrera 42 # 8-3,Bogotá,3141405227
